Entry ID,[Entry name],[Finalized],MAXMP,Element ID,[Element name],Weapon ID,[Weapon name],Armor ID,[Armor name],Accessory ID,[Accessory name],HP,MAXHP,Base MAXHP increase,Counter%,EXP,Base MAXMP increase,Green,Red,Purple,Blue,Yellow,Silver,Poison,Unconscious,Stone,Sleep,Confusion,Silence,Fatigue,Revival,Weak,Power,Will,Vigor,Agile,Quick,Base power increase,Base will increase,Base vigor increase,Base quick increase,Green EXP,Red EXP,Purple EXP,Blue EXP,Yellow EXP,Silver EXP
0,Vyse,True,3,1,Red,0,Cutlass,80,Vyse's Uniform,204,Skyseer Goggles,420,420,84,15,0,0.159999996423721,12,8,12,10,8,10,12,10,8,10,8,12,10,100,8,23,16,19,11,22,4.599999904632568,3.200000047683716,3.799999952316284,4.400000095367432,0,0,0,6,0,0
1,Aika,True,4,0,Green,16,Boomerang,81,Aika's Shorts,201,Flash Ribbon,360,360,72,6,0,0.209999993443489,8,10,10,12,8,12,8,12,10,12,8,10,10,100,8,17,21,18,22,24,3.4000000953674316,4.199999809265137,3.5999999046325684,4.800000190734863,3,0,0,0,6,0
2,Fina,True,6,5,Silver,32,Cupil,82,Fina's Robe,215,Silver Veil,300,300,60,5,1139,0.349999994039536,10,10,10,10,12,8,10,8,10,10,12,10,10,100,12,13,25,15,12,21,2.5999999046325684,5.0,3.0,4.199999809265137,0,0,0,0,0,26
3,Drachma,True,2,3,Blue,48,Artificial Arm,83,Drachma's Shirt,214,Black Eyepatch,560,560,112,13,2008,0.100000001490116,10,12,8,8,12,10,10,10,12,8,12,8,10,100,12,29,12,28,4,16,5.800000190734863,2.4000000953674316,5.599999904632568,3.200000047683716,15,16,22,31,0,0
4,Enrique,True,4,4,Yellow,58,Rapier,84,Enrique's Coat,216,Imperial Crest,400,400,80,7,14491,0.230000004172325,12,14,6,8,10,10,12,10,14,8,10,6,10,100,10,18,23,17,16,19,3.5999999046325684,4.599999904632568,3.4000000953674316,3.799999952316284,97,68,52,106,119,61
5,Gilder,True,3,2,Purple,64,Gilder's Own,85,Gilder's Mail,217,Gilder's Amulet,480,480,96,9,7918,0.150000005960464,8,6,14,12,10,10,8,10,6,12,10,14,10,100,10,25,15,21,14,20,5.0,3.0,4.199999809265137,4.0,46,83,101,57,52,40
