Entry ID,[Entry name],Element ID,[Element name],Weapon ID,[Weapon name],Armor ID,[Armor name],Accessory ID,[Accessory name],HP,MAXHP,Base MAXHP increase,Counter%,EXP,Base MAXMP increase,Power,Will,Vigor,Agile,Quick,Base power increase,Base will increase,Base vigor increase,Base quick increase,Green EXP,Red EXP,Purple EXP,Blue EXP,Yellow EXP,Silver EXP
0,Vyse,1,Red,0,Cutlass,80,Vyse's Uniform,204,Skyseer Goggles,420,420,84,15,0,0.3199999928474426,23,16,19,11,22,4.599999904632568,3.200000047683716,3.799999952316284,4.400000095367432,0,0,0,0,0,0
1,Aika,0,Green,16,Boomerang,81,Aika's Shorts,201,Flash Ribbon,360,360,72,6,0,0.41999998688697815,17,21,18,22,24,3.4000000953674316,4.199999809265137,3.5999999046325684,4.800000190734863,7,0,0,0,0,0
2,Fina,5,Silver,32,Cupil,82,Fina's Robe,215,Silver Veil,300,300,60,5,1439,0.699999988079071,13,25,15,12,21,2.5999999046325684,5.0,3.0,4.199999809265137,0,0,0,0,0,51
3,Drachma,3,Blue,48,Artificial Arm,83,Drachma's Shirt,214,Black Eyepatch,560,560,112,13,2408,0.20000000298023224,29,12,28,4,16,5.800000190734863,2.4000000953674316,5.599999904632568,3.200000047683716,11,31,44,62,0,0
4,Enrique,4,Yellow,58,Rapier,84,Enrique's Coat,216,Imperial Crest,400,400,80,7,22642,0.46000000834465027,18,23,17,16,19,3.5999999046325684,4.599999904632568,3.4000000953674316,3.799999952316284,193,135,104,211,237,122
5,Gilder,2,Purple,64,Gilder's Own,85,Gilder's Mail,217,Gilder's Amulet,480,480,96,9,13651,0.30000001192092896,25,15,21,14,20,5.0,3.0,4.199999809265137,4.0,92,166,201,113,104,80
